-- MySQL Script generated by MySQL Workbench
-- Seg 05 Dez 2016 11:58:16 BRT
-- Model: New Model    Version: 1.0
-- MySQL Workbench Forward Engineering

SET @OLD_UNIQUE_CHECKS=@@UNIQUE_CHECKS, UNIQUE_CHECKS=0;
SET @OLD_FOREIGN_KEY_CHECKS=@@FOREIGN_KEY_CHECKS, FOREIGN_KEY_CHECKS=0;
SET @OLD_SQL_MODE=@@SQL_MODE, SQL_MODE='TRADITIONAL,ALLOW_INVALID_DATES';

-- -----------------------------------------------------
-- Schema caequipe367341
-- -----------------------------------------------------
DROP SCHEMA IF EXISTS `caequipe367341` ;

-- -----------------------------------------------------
-- Schema caequipe367341
-- -----------------------------------------------------
CREATE SCHEMA IF NOT EXISTS `caequipe367341` DEFAULT CHARACTER SET utf8 ;
USE `caequipe367341` ;

-- -----------------------------------------------------
-- Table `caequipe367341`.`codigo_funcionario`
-- -----------------------------------------------------
DROP TABLE IF EXISTS `caequipe367341`.`codigo_funcionario` ;

CREATE TABLE IF NOT EXISTS `caequipe367341`.`codigo_funcionario` (
  `codigo_funcionario` INT NOT NULL,
  PRIMARY KEY (`codigo_funcionario`))
ENGINE = InnoDB;


-- -----------------------------------------------------
-- Table `caequipe367341`.`login`
-- -----------------------------------------------------
DROP TABLE IF EXISTS `caequipe367341`.`login` ;

CREATE TABLE IF NOT EXISTS `caequipe367341`.`login` (
  `usuario` VARCHAR(100) NOT NULL,
  `senha` VARCHAR(254) NOT NULL,
  PRIMARY KEY (`usuario`))
ENGINE = InnoDB;


-- -----------------------------------------------------
-- Table `caequipe367341`.`pesquisador`
-- -----------------------------------------------------
DROP TABLE IF EXISTS `caequipe367341`.`pesquisador` ;

CREATE TABLE IF NOT EXISTS `caequipe367341`.`pesquisador` (
  `id_pesquisador` INT NOT NULL AUTO_INCREMENT,
  `nome_pesquisador` VARCHAR(100) NOT NULL,
  `sexo_pesquisador` ENUM('M', 'F') NOT NULL,
  `data_nasc_pesquisador` DATE NOT NULL,
  `regime_de_trabalho_pesquisador` ENUM('estatutário', 'celetista') NOT NULL,
  `email_pesquisador` VARCHAR(100) NOT NULL,
  `area_atuacao_pesquisador` VARCHAR(45) NOT NULL,
  `departamento` INT NOT NULL,
  `codigo_funcionario` INT NOT NULL,
  `login_usuario` VARCHAR(100) NOT NULL,
  PRIMARY KEY (`id_pesquisador`),
  INDEX `fk_pesquisador_departamento1_idx` (`departamento` ASC),
  INDEX `fk_pesquisador_codigo_funcionario1_idx` (`codigo_funcionario` ASC),
  INDEX `fk_pesquisador_login1_idx` (`login_usuario` ASC),
  CONSTRAINT `fk_pesquisador_departamento1`
    FOREIGN KEY (`departamento`)
    REFERENCES `caequipe367341`.`departamento` (`cod_dep`)
    ON DELETE CASCADE
    ON UPDATE CASCADE,
  CONSTRAINT `fk_pesquisador_codigo_funcionario1`
    FOREIGN KEY (`codigo_funcionario`)
    REFERENCES `caequipe367341`.`codigo_funcionario` (`codigo_funcionario`)
    ON DELETE CASCADE
    ON UPDATE CASCADE,
  CONSTRAINT `fk_pesquisador_login1`
    FOREIGN KEY (`login_usuario`)
    REFERENCES `caequipe367341`.`login` (`usuario`)
    ON DELETE CASCADE
    ON UPDATE CASCADE)
ENGINE = InnoDB
DEFAULT CHARACTER SET = utf8;


-- -----------------------------------------------------
-- Table `caequipe367341`.`departamento`
-- -----------------------------------------------------
DROP TABLE IF EXISTS `caequipe367341`.`departamento` ;

CREATE TABLE IF NOT EXISTS `caequipe367341`.`departamento` (
  `cod_dep` INT NOT NULL,
  `nome_dep` VARCHAR(100) NOT NULL,
  `gerente` INT NULL,
  `data_inicio_gestao` DATE NULL,
  `data_fim_gestao` DATE NULL,
  PRIMARY KEY (`cod_dep`),
  INDEX `fk_departamento_pesquisador1_idx` (`gerente` ASC),
  UNIQUE INDEX `nome_dep_UNIQUE` (`nome_dep` ASC),
  CONSTRAINT `fk_departamento_pesquisador1`
    FOREIGN KEY (`gerente`)
    REFERENCES `caequipe367341`.`pesquisador` (`id_pesquisador`)
    ON DELETE NO ACTION
    ON UPDATE NO ACTION)
ENGINE = InnoDB
DEFAULT CHARACTER SET = utf8;


-- -----------------------------------------------------
-- Table `caequipe367341`.`projeto`
-- -----------------------------------------------------
DROP TABLE IF EXISTS `caequipe367341`.`projeto` ;

CREATE TABLE IF NOT EXISTS `caequipe367341`.`projeto` (
  `cod_projeto` INT NOT NULL,
  `nome_projeto` VARCHAR(255) NOT NULL,
  `data_inicio` DATE NOT NULL,
  `data_fim` DATE NULL,
  `departamento` INT NOT NULL,
  PRIMARY KEY (`cod_projeto`),
  INDEX `fk_projeto_departamento_idx` (`departamento` ASC),
  CONSTRAINT `fk_projeto_departamento`
    FOREIGN KEY (`departamento`)
    REFERENCES `caequipe367341`.`departamento` (`cod_dep`)
    ON DELETE NO ACTION
    ON UPDATE NO ACTION)
ENGINE = InnoDB
DEFAULT CHARACTER SET = utf8;


-- -----------------------------------------------------
-- Table `caequipe367341`.`secretario`
-- -----------------------------------------------------
DROP TABLE IF EXISTS `caequipe367341`.`secretario` ;

CREATE TABLE IF NOT EXISTS `caequipe367341`.`secretario` (
  `id_secretario` INT NOT NULL AUTO_INCREMENT,
  `nome_secretario` VARCHAR(100) NOT NULL,
  `sexo_secretario` ENUM('M', 'F') NOT NULL COMMENT '				',
  `data_nasc_secretario` DATE NOT NULL,
  `regime_trabalho_secretario` ENUM('estatutário', 'celetista', 'horista') NOT NULL,
  `grau_escol_secretario` VARCHAR(45) NOT NULL,
  `departamento` INT NOT NULL,
  `codigo_funcionario` INT NOT NULL,
  `login_usuario` VARCHAR(100) NOT NULL,
  PRIMARY KEY (`id_secretario`),
  INDEX `fk_secretario_departamento1_idx` (`departamento` ASC),
  INDEX `fk_secretario_codigo_funcionario1_idx` (`codigo_funcionario` ASC),
  INDEX `fk_secretario_login1_idx` (`login_usuario` ASC),
  CONSTRAINT `fk_secretario_departamento1`
    FOREIGN KEY (`departamento`)
    REFERENCES `caequipe367341`.`departamento` (`cod_dep`)
    ON DELETE CASCADE
    ON UPDATE CASCADE,
  CONSTRAINT `fk_secretario_codigo_funcionario1`
    FOREIGN KEY (`codigo_funcionario`)
    REFERENCES `caequipe367341`.`codigo_funcionario` (`codigo_funcionario`)
    ON DELETE CASCADE
    ON UPDATE CASCADE,
  CONSTRAINT `fk_secretario_login1`
    FOREIGN KEY (`login_usuario`)
    REFERENCES `caequipe367341`.`login` (`usuario`)
    ON DELETE CASCADE
    ON UPDATE CASCADE)
ENGINE = InnoDB;


-- -----------------------------------------------------
-- Table `caequipe367341`.`staff`
-- -----------------------------------------------------
DROP TABLE IF EXISTS `caequipe367341`.`staff` ;

CREATE TABLE IF NOT EXISTS `caequipe367341`.`staff` (
  `id_staff` INT NOT NULL AUTO_INCREMENT,
  `nome_staff` VARCHAR(100) NOT NULL,
  `sexo_staff` ENUM('M', 'F') NOT NULL COMMENT '				',
  `data_nasc_staff` DATE NOT NULL,
  `funcao_staff` VARCHAR(45) NOT NULL,
  `regime_trabalho_staff` ENUM('celetista', 'terceirizado') NOT NULL,
  `jornada_trabalho_staff` VARCHAR(45) NOT NULL,
  `supervisor` INT NOT NULL,
  `departamento` INT NOT NULL,
  `codigo_funcionario` INT NOT NULL,
  `login_usuario` VARCHAR(100) NOT NULL,
  PRIMARY KEY (`id_staff`),
  INDEX `fk_staff_staff1_idx` (`supervisor` ASC),
  INDEX `fk_staff_departamento1_idx` (`departamento` ASC),
  INDEX `fk_staff_codigo_funcionario1_idx` (`codigo_funcionario` ASC),
  INDEX `fk_staff_login1_idx` (`login_usuario` ASC),
  CONSTRAINT `fk_staff_staff1`
    FOREIGN KEY (`supervisor`)
    REFERENCES `caequipe367341`.`staff` (`id_staff`)
    ON DELETE NO ACTION
    ON UPDATE NO ACTION,
  CONSTRAINT `fk_staff_departamento1`
    FOREIGN KEY (`departamento`)
    REFERENCES `caequipe367341`.`departamento` (`cod_dep`)
    ON DELETE NO ACTION
    ON UPDATE NO ACTION,
  CONSTRAINT `fk_staff_codigo_funcionario1`
    FOREIGN KEY (`codigo_funcionario`)
    REFERENCES `caequipe367341`.`codigo_funcionario` (`codigo_funcionario`)
    ON DELETE NO ACTION
    ON UPDATE NO ACTION,
  CONSTRAINT `fk_staff_login1`
    FOREIGN KEY (`login_usuario`)
    REFERENCES `caequipe367341`.`login` (`usuario`)
    ON DELETE NO ACTION
    ON UPDATE NO ACTION)
ENGINE = InnoDB;


-- -----------------------------------------------------
-- Table `caequipe367341`.`dependente_secretario`
-- -----------------------------------------------------
DROP TABLE IF EXISTS `caequipe367341`.`dependente_secretario` ;

CREATE TABLE IF NOT EXISTS `caequipe367341`.`dependente_secretario` (
  `cod_dependente` INT NOT NULL AUTO_INCREMENT,
  `nome_dependente` VARCHAR(45) NOT NULL,
  `sexo_dependente` VARCHAR(45) NOT NULL,
  `data_nasc_dependente` DATE NOT NULL,
  `grau_parentesco_dependente` VARCHAR(45) NOT NULL,
  `id_secretario` INT NOT NULL,
  `salario_dependente` DECIMAL(7,2) NULL,
  PRIMARY KEY (`cod_dependente`, `id_secretario`),
  INDEX `fk_dependente_secretario_secretario1_idx` (`id_secretario` ASC),
  CONSTRAINT `fk_dependente_secretario_secretario1`
    FOREIGN KEY (`id_secretario`)
    REFERENCES `caequipe367341`.`secretario` (`id_secretario`)
    ON DELETE CASCADE
    ON UPDATE CASCADE)
ENGINE = InnoDB;


-- -----------------------------------------------------
-- Table `caequipe367341`.`vencimento_pesquisador`
-- -----------------------------------------------------
DROP TABLE IF EXISTS `caequipe367341`.`vencimento_pesquisador` ;

CREATE TABLE IF NOT EXISTS `caequipe367341`.`vencimento_pesquisador` (
  `cod_vencimento` INT NOT NULL,
  `descricao_vencimento` VARCHAR(45) NOT NULL,
  `valor_vencimento` DECIMAL(15,2) NOT NULL,
  `salario_liquido` DECIMAL(15,2) NULL,
  `id_pesquisador` INT NOT NULL,
  PRIMARY KEY (`cod_vencimento`, `id_pesquisador`),
  INDEX `fk_vencimento_pesquisador1_idx` (`id_pesquisador` ASC),
  CONSTRAINT `fk_vencimento_pesquisador1`
    FOREIGN KEY (`id_pesquisador`)
    REFERENCES `caequipe367341`.`pesquisador` (`id_pesquisador`)
    ON DELETE NO ACTION
    ON UPDATE NO ACTION)
ENGINE = InnoDB;


-- -----------------------------------------------------
-- Table `caequipe367341`.`endereco`
-- -----------------------------------------------------
DROP TABLE IF EXISTS `caequipe367341`.`endereco` ;

CREATE TABLE IF NOT EXISTS `caequipe367341`.`endereco` (
  `tipo_endereco` VARCHAR(75) NOT NULL,
  `logradouro` VARCHAR(225) NOT NULL,
  `numero` VARCHAR(15) NOT NULL,
  `complemento` VARCHAR(75) NULL,
  `bairro` VARCHAR(45) NOT NULL,
  `cidade` VARCHAR(45) NOT NULL,
  `estado` VARCHAR(45) NOT NULL,
  `cep` CHAR(9) NOT NULL,
  PRIMARY KEY (`numero`, `bairro`, `logradouro`, `cidade`))
ENGINE = InnoDB;


-- -----------------------------------------------------
-- Table `caequipe367341`.`telefone`
-- -----------------------------------------------------
DROP TABLE IF EXISTS `caequipe367341`.`telefone` ;

CREATE TABLE IF NOT EXISTS `caequipe367341`.`telefone` (
  `id_telefone` BIGINT NOT NULL AUTO_INCREMENT,
  `numero` VARCHAR(20) NULL,
  `tipo_telefone` VARCHAR(50) NULL,
  PRIMARY KEY (`id_telefone`),
  UNIQUE INDEX `numero_UNIQUE` (`numero` ASC))
ENGINE = InnoDB;


-- -----------------------------------------------------
-- Table `caequipe367341`.`dependente_pesquisador`
-- -----------------------------------------------------
DROP TABLE IF EXISTS `caequipe367341`.`dependente_pesquisador` ;

CREATE TABLE IF NOT EXISTS `caequipe367341`.`dependente_pesquisador` (
  `cod_dependente` INT NOT NULL AUTO_INCREMENT,
  `nome_dependente` VARCHAR(45) NOT NULL,
  `sexo_dependente` VARCHAR(45) NOT NULL,
  `data_nasc_dependente` DATE NOT NULL,
  `grau_parentesco_dependente` VARCHAR(45) NOT NULL,
  `salario_dependente` DECIMAL(7,2) NULL,
  `id_pesquisador` INT NOT NULL,
  PRIMARY KEY (`cod_dependente`, `id_pesquisador`),
  INDEX `fk_dependente_pesquisador_pesquisador1_idx` (`id_pesquisador` ASC),
  CONSTRAINT `fk_dependente_pesquisador_pesquisador1`
    FOREIGN KEY (`id_pesquisador`)
    REFERENCES `caequipe367341`.`pesquisador` (`id_pesquisador`)
    ON DELETE NO ACTION
    ON UPDATE NO ACTION)
ENGINE = InnoDB;


-- -----------------------------------------------------
-- Table `caequipe367341`.`dependente_staff`
-- -----------------------------------------------------
DROP TABLE IF EXISTS `caequipe367341`.`dependente_staff` ;

CREATE TABLE IF NOT EXISTS `caequipe367341`.`dependente_staff` (
  `cod_dependente` INT NOT NULL AUTO_INCREMENT,
  `nome_dependente` VARCHAR(45) NOT NULL,
  `sexo_dependente` VARCHAR(45) NOT NULL,
  `data_nasc_dependente` DATE NOT NULL,
  `grau_parentesco_dependente` VARCHAR(45) NOT NULL,
  `salario_dependente` DECIMAL(7,2) NULL,
  `id_staff` INT NOT NULL,
  PRIMARY KEY (`cod_dependente`, `id_staff`),
  INDEX `fk_dependente_staff_staff1_idx` (`id_staff` ASC),
  CONSTRAINT `fk_dependente_staff_staff1`
    FOREIGN KEY (`id_staff`)
    REFERENCES `caequipe367341`.`staff` (`id_staff`)
    ON DELETE NO ACTION
    ON UPDATE NO ACTION)
ENGINE = InnoDB;


-- -----------------------------------------------------
-- Table `caequipe367341`.`Funcionario`
-- -----------------------------------------------------
DROP TABLE IF EXISTS `caequipe367341`.`Funcionario` ;

CREATE TABLE IF NOT EXISTS `caequipe367341`.`Funcionario` (
  `idFuncionario` INT NOT NULL,
  PRIMARY KEY (`idFuncionario`))
ENGINE = InnoDB;


-- -----------------------------------------------------
-- Table `caequipe367341`.`pesquisador_has_telefone`
-- -----------------------------------------------------
DROP TABLE IF EXISTS `caequipe367341`.`pesquisador_has_telefone` ;

CREATE TABLE IF NOT EXISTS `caequipe367341`.`pesquisador_has_telefone` (
  `pesquisador` INT NOT NULL,
  `telefone_pesquisador` BIGINT NOT NULL,
  PRIMARY KEY (`pesquisador`, `telefone_pesquisador`),
  INDEX `fk_pesquisador_has_telefone_pesquisador_telefone_pesquisado_idx` (`telefone_pesquisador` ASC),
  INDEX `fk_pesquisador_has_telefone_pesquisador_pesquisador1_idx` (`pesquisador` ASC),
  CONSTRAINT `fk_pesquisador_has_telefone_pesquisador_pesquisador1`
    FOREIGN KEY (`pesquisador`)
    REFERENCES `caequipe367341`.`pesquisador` (`id_pesquisador`)
    ON DELETE NO ACTION
    ON UPDATE NO ACTION,
  CONSTRAINT `fk_pesquisador_has_telefone_pesquisador_telefone_pesquisador1`
    FOREIGN KEY (`telefone_pesquisador`)
    REFERENCES `caequipe367341`.`telefone` (`id_telefone`)
    ON DELETE NO ACTION
    ON UPDATE NO ACTION)
ENGINE = InnoDB
DEFAULT CHARACTER SET = utf8;


-- -----------------------------------------------------
-- Table `caequipe367341`.`staff_has_telefone`
-- -----------------------------------------------------
DROP TABLE IF EXISTS `caequipe367341`.`staff_has_telefone` ;

CREATE TABLE IF NOT EXISTS `caequipe367341`.`staff_has_telefone` (
  `staff` INT NOT NULL,
  `telefone_staff` BIGINT NOT NULL,
  PRIMARY KEY (`staff`, `telefone_staff`),
  INDEX `fk_staff_has_telefone_pesquisador_telefone_pesquisador1_idx` (`telefone_staff` ASC),
  INDEX `fk_staff_has_telefone_pesquisador_staff1_idx` (`staff` ASC),
  CONSTRAINT `fk_staff_has_telefone_pesquisador_staff1`
    FOREIGN KEY (`staff`)
    REFERENCES `caequipe367341`.`staff` (`id_staff`)
    ON DELETE NO ACTION
    ON UPDATE NO ACTION,
  CONSTRAINT `fk_staff_has_telefone_pesquisador_telefone_pesquisador1`
    FOREIGN KEY (`telefone_staff`)
    REFERENCES `caequipe367341`.`telefone` (`id_telefone`)
    ON DELETE NO ACTION
    ON UPDATE NO ACTION)
ENGINE = InnoDB;


-- -----------------------------------------------------
-- Table `caequipe367341`.`secretario_has_telefone`
-- -----------------------------------------------------
DROP TABLE IF EXISTS `caequipe367341`.`secretario_has_telefone` ;

CREATE TABLE IF NOT EXISTS `caequipe367341`.`secretario_has_telefone` (
  `secretario` INT NOT NULL,
  `telefone_secretario` BIGINT NOT NULL,
  PRIMARY KEY (`secretario`, `telefone_secretario`),
  INDEX `fk_secretario_has_telefone_telefone1_idx` (`telefone_secretario` ASC),
  INDEX `fk_secretario_has_telefone_secretario1_idx` (`secretario` ASC),
  CONSTRAINT `fk_secretario_has_telefone_secretario1`
    FOREIGN KEY (`secretario`)
    REFERENCES `caequipe367341`.`secretario` (`id_secretario`)
    ON DELETE NO ACTION
    ON UPDATE NO ACTION,
  CONSTRAINT `fk_secretario_has_telefone_telefone1`
    FOREIGN KEY (`telefone_secretario`)
    REFERENCES `caequipe367341`.`telefone` (`id_telefone`)
    ON DELETE NO ACTION
    ON UPDATE NO ACTION)
ENGINE = InnoDB;


-- -----------------------------------------------------
-- Table `caequipe367341`.`vencimento_secretario`
-- -----------------------------------------------------
DROP TABLE IF EXISTS `caequipe367341`.`vencimento_secretario` ;

CREATE TABLE IF NOT EXISTS `caequipe367341`.`vencimento_secretario` (
  `cod_vencimento` INT NOT NULL AUTO_INCREMENT,
  `descricao_vencimento` VARCHAR(45) NOT NULL,
  `valor_vencimento` DECIMAL(15,2) NOT NULL,
  `salario_liquido` DECIMAL(15,2) NULL,
  `id_secretario` INT NOT NULL,
  PRIMARY KEY (`cod_vencimento`, `id_secretario`),
  INDEX `fk_vencimento_secretario_secretario1_idx` (`id_secretario` ASC),
  CONSTRAINT `fk_vencimento_secretario_secretario1`
    FOREIGN KEY (`id_secretario`)
    REFERENCES `caequipe367341`.`secretario` (`id_secretario`)
    ON DELETE NO ACTION
    ON UPDATE NO ACTION)
ENGINE = InnoDB;


-- -----------------------------------------------------
-- Table `caequipe367341`.`vencimento_staff`
-- -----------------------------------------------------
DROP TABLE IF EXISTS `caequipe367341`.`vencimento_staff` ;

CREATE TABLE IF NOT EXISTS `caequipe367341`.`vencimento_staff` (
  `cod_vencimento` INT NOT NULL AUTO_INCREMENT,
  `descricao_vencimento` VARCHAR(45) NOT NULL,
  `valor_vencimento` DECIMAL(15,2) NOT NULL,
  `salario_liquido` DECIMAL(15,2) NULL,
  `id_staff` INT NOT NULL,
  PRIMARY KEY (`cod_vencimento`, `id_staff`),
  INDEX `fk_vencimento_staff_staff1_idx` (`id_staff` ASC),
  CONSTRAINT `fk_vencimento_staff_staff1`
    FOREIGN KEY (`id_staff`)
    REFERENCES `caequipe367341`.`staff` (`id_staff`)
    ON DELETE NO ACTION
    ON UPDATE NO ACTION)
ENGINE = InnoDB;


-- -----------------------------------------------------
-- Table `caequipe367341`.`pesquisador_has_projeto`
-- -----------------------------------------------------
DROP TABLE IF EXISTS `caequipe367341`.`pesquisador_has_projeto` ;

CREATE TABLE IF NOT EXISTS `caequipe367341`.`pesquisador_has_projeto` (
  `pesquisador_id_pesquisador` INT NOT NULL,
  `projeto_cod_projeto` INT NOT NULL,
  `hora_semanal_pesquisador` TIME NOT NULL,
  PRIMARY KEY (`pesquisador_id_pesquisador`, `projeto_cod_projeto`),
  INDEX `fk_pesquisador_has_projeto_projeto1_idx` (`projeto_cod_projeto` ASC),
  INDEX `fk_pesquisador_has_projeto_pesquisador1_idx` (`pesquisador_id_pesquisador` ASC),
  CONSTRAINT `fk_pesquisador_has_projeto_pesquisador1`
    FOREIGN KEY (`pesquisador_id_pesquisador`)
    REFERENCES `caequipe367341`.`pesquisador` (`id_pesquisador`)
    ON DELETE NO ACTION
    ON UPDATE NO ACTION,
  CONSTRAINT `fk_pesquisador_has_projeto_projeto1`
    FOREIGN KEY (`projeto_cod_projeto`)
    REFERENCES `caequipe367341`.`projeto` (`cod_projeto`)
    ON DELETE NO ACTION
    ON UPDATE NO ACTION)
ENGINE = InnoDB
DEFAULT CHARACTER SET = utf8;


-- -----------------------------------------------------
-- Table `caequipe367341`.`pesquisador_has_endereco`
-- -----------------------------------------------------
DROP TABLE IF EXISTS `caequipe367341`.`pesquisador_has_endereco` ;

CREATE TABLE IF NOT EXISTS `caequipe367341`.`pesquisador_has_endereco` (
  `id_pesquisador` INT NOT NULL,
  `numero` VARCHAR(15) NOT NULL,
  `bairro` VARCHAR(45) NOT NULL,
  `logradouro` VARCHAR(225) NOT NULL,
  `cidade` VARCHAR(45) NOT NULL,
  PRIMARY KEY (`id_pesquisador`, `numero`, `bairro`, `logradouro`, `cidade`),
  INDEX `fk_pesquisador_has_endereco_endereco1_idx` (`numero` ASC, `bairro` ASC, `logradouro` ASC, `cidade` ASC),
  INDEX `fk_pesquisador_has_endereco_pesquisador1_idx` (`id_pesquisador` ASC),
  CONSTRAINT `fk_pesquisador_has_endereco_pesquisador1`
    FOREIGN KEY (`id_pesquisador`)
    REFERENCES `caequipe367341`.`pesquisador` (`id_pesquisador`)
    ON DELETE NO ACTION
    ON UPDATE NO ACTION,
  CONSTRAINT `fk_pesquisador_has_endereco_endereco1`
    FOREIGN KEY (`numero` , `bairro` , `logradouro` , `cidade`)
    REFERENCES `caequipe367341`.`endereco` (`numero` , `bairro` , `logradouro` , `cidade`)
    ON DELETE NO ACTION
    ON UPDATE NO ACTION)
ENGINE = InnoDB
DEFAULT CHARACTER SET = utf8;


-- -----------------------------------------------------
-- Table `caequipe367341`.`staff_has_endereco`
-- -----------------------------------------------------
DROP TABLE IF EXISTS `caequipe367341`.`staff_has_endereco` ;

CREATE TABLE IF NOT EXISTS `caequipe367341`.`staff_has_endereco` (
  `id_staff` INT NOT NULL,
  `numero` VARCHAR(15) NOT NULL,
  `bairro` VARCHAR(45) NOT NULL,
  `logradouro` VARCHAR(225) NOT NULL,
  `cidade` VARCHAR(45) NOT NULL,
  PRIMARY KEY (`id_staff`, `numero`, `bairro`, `logradouro`, `cidade`),
  INDEX `fk_staff_has_endereco_endereco1_idx` (`numero` ASC, `bairro` ASC, `logradouro` ASC, `cidade` ASC),
  INDEX `fk_staff_has_endereco_staff1_idx` (`id_staff` ASC),
  CONSTRAINT `fk_staff_has_endereco_staff1`
    FOREIGN KEY (`id_staff`)
    REFERENCES `caequipe367341`.`staff` (`id_staff`)
    ON DELETE NO ACTION
    ON UPDATE NO ACTION,
  CONSTRAINT `fk_staff_has_endereco_endereco1`
    FOREIGN KEY (`numero` , `bairro` , `logradouro` , `cidade`)
    REFERENCES `caequipe367341`.`endereco` (`numero` , `bairro` , `logradouro` , `cidade`)
    ON DELETE NO ACTION
    ON UPDATE NO ACTION)
ENGINE = InnoDB;


-- -----------------------------------------------------
-- Table `caequipe367341`.`secretario_has_endereco`
-- -----------------------------------------------------
DROP TABLE IF EXISTS `caequipe367341`.`secretario_has_endereco` ;

CREATE TABLE IF NOT EXISTS `caequipe367341`.`secretario_has_endereco` (
  `id_secretario` INT NOT NULL,
  `numero` VARCHAR(15) NOT NULL,
  `bairro` VARCHAR(45) NOT NULL,
  `logradouro` VARCHAR(225) NOT NULL,
  `cidade` VARCHAR(45) NOT NULL,
  PRIMARY KEY (`id_secretario`, `numero`, `bairro`, `logradouro`, `cidade`),
  INDEX `fk_secretario_has_endereco_endereco1_idx` (`numero` ASC, `bairro` ASC, `logradouro` ASC, `cidade` ASC),
  INDEX `fk_secretario_has_endereco_secretario1_idx` (`id_secretario` ASC),
  CONSTRAINT `fk_secretario_has_endereco_secretario1`
    FOREIGN KEY (`id_secretario`)
    REFERENCES `caequipe367341`.`secretario` (`id_secretario`)
    ON DELETE NO ACTION
    ON UPDATE NO ACTION,
  CONSTRAINT `fk_secretario_has_endereco_endereco1`
    FOREIGN KEY (`numero` , `bairro` , `logradouro` , `cidade`)
    REFERENCES `caequipe367341`.`endereco` (`numero` , `bairro` , `logradouro` , `cidade`)
    ON DELETE NO ACTION
    ON UPDATE NO ACTION)
ENGINE = InnoDB;


-- -----------------------------------------------------
-- Data for table `caequipe367341`.`codigo_funcionario`
-- -----------------------------------------------------
START TRANSACTION;
USE `caequipe367341`;
INSERT INTO `caequipe367341`.`codigo_funcionario` (`codigo_funcionario`) VALUES (123);
INSERT INTO `caequipe367341`.`codigo_funcionario` (`codigo_funcionario`) VALUES (456);
INSERT INTO `caequipe367341`.`codigo_funcionario` (`codigo_funcionario`) VALUES (789);
INSERT INTO `caequipe367341`.`codigo_funcionario` (`codigo_funcionario`) VALUES (1234);
INSERT INTO `caequipe367341`.`codigo_funcionario` (`codigo_funcionario`) VALUES (5678);
INSERT INTO `caequipe367341`.`codigo_funcionario` (`codigo_funcionario`) VALUES (9123);
INSERT INTO `caequipe367341`.`codigo_funcionario` (`codigo_funcionario`) VALUES (4567);
INSERT INTO `caequipe367341`.`codigo_funcionario` (`codigo_funcionario`) VALUES (8912);
INSERT INTO `caequipe367341`.`codigo_funcionario` (`codigo_funcionario`) VALUES (12345);
INSERT INTO `caequipe367341`.`codigo_funcionario` (`codigo_funcionario`) VALUES (91234);

COMMIT;


-- -----------------------------------------------------
-- Data for table `caequipe367341`.`login`
-- -----------------------------------------------------
START TRANSACTION;
USE `caequipe367341`;
INSERT INTO `caequipe367341`.`login` (`usuario`, `senha`) VALUES ('teste123', '123456');
INSERT INTO `caequipe367341`.`login` (`usuario`, `senha`) VALUES ('teste12345', '321');
INSERT INTO `caequipe367341`.`login` (`usuario`, `senha`) VALUES ('teste1234', '1234');
INSERT INTO `caequipe367341`.`login` (`usuario`, `senha`) VALUES ('teste5678', '5678');
INSERT INTO `caequipe367341`.`login` (`usuario`, `senha`) VALUES ('teste9123', '9123');
INSERT INTO `caequipe367341`.`login` (`usuario`, `senha`) VALUES ('teste456', '456');
INSERT INTO `caequipe367341`.`login` (`usuario`, `senha`) VALUES ('Admin', '*5A5DF4CECE1D2AFA40F5B70DF940300F8E64E77B');

COMMIT;


-- -----------------------------------------------------
-- Data for table `caequipe367341`.`pesquisador`
-- -----------------------------------------------------
START TRANSACTION;
USE `caequipe367341`;
INSERT INTO `caequipe367341`.`pesquisador` (`id_pesquisador`, `nome_pesquisador`, `sexo_pesquisador`, `data_nasc_pesquisador`, `regime_de_trabalho_pesquisador`, `email_pesquisador`, `area_atuacao_pesquisador`, `departamento`, `codigo_funcionario`, `login_usuario`) VALUES (5, 'jairo', 'M', '2000-10-10', 'celetista', 'a@a.com', 'fisica', 2, 12345, 'teste12345');

COMMIT;


-- -----------------------------------------------------
-- Data for table `caequipe367341`.`departamento`
-- -----------------------------------------------------
START TRANSACTION;
USE `caequipe367341`;
INSERT INTO `caequipe367341`.`departamento` (`cod_dep`, `nome_dep`, `gerente`, `data_inicio_gestao`, `data_fim_gestao`) VALUES (1, 'Financeiro', 5, '2000-01-12', '2005-12-11');

COMMIT;


-- -----------------------------------------------------
-- Data for table `caequipe367341`.`projeto`
-- -----------------------------------------------------
START TRANSACTION;
USE `caequipe367341`;
INSERT INTO `caequipe367341`.`projeto` (`cod_projeto`, `nome_projeto`, `data_inicio`, `data_fim`, `departamento`) VALUES (1, 'Volcões do Oceano', '2001-01-12', '2003-05-08', 1);
INSERT INTO `caequipe367341`.`projeto` (`cod_projeto`, `nome_projeto`, `data_inicio`, `data_fim`, `departamento`) VALUES (2, 'Ferros Frios', '1993-01-06', '2004-01-01', 4);
INSERT INTO `caequipe367341`.`projeto` (`cod_projeto`, `nome_projeto`, `data_inicio`, `data_fim`, `departamento`) VALUES (3, 'Buracos Negros', '1995-10-12', '2001-03-06', 3);

COMMIT;


-- -----------------------------------------------------
-- Data for table `caequipe367341`.`secretario`
-- -----------------------------------------------------
START TRANSACTION;
USE `caequipe367341`;
INSERT INTO `caequipe367341`.`secretario` (`id_secretario`, `nome_secretario`, `sexo_secretario`, `data_nasc_secretario`, `regime_trabalho_secretario`, `grau_escol_secretario`, `departamento`, `codigo_funcionario`, `login_usuario`) VALUES (5, 'José', 'M', '1980-12-01', 'celetista', 'Superior', 4, 123, 'teste123');
INSERT INTO `caequipe367341`.`secretario` (`id_secretario`, `nome_secretario`, `sexo_secretario`, `data_nasc_secretario`, `regime_trabalho_secretario`, `grau_escol_secretario`, `departamento`, `codigo_funcionario`, `login_usuario`) VALUES (6, 'Isoneide', 'F', '1995-05-05', 'horista', 'Médio', 2, 456, 'teste456');

COMMIT;


-- -----------------------------------------------------
-- Data for table `caequipe367341`.`staff`
-- -----------------------------------------------------
START TRANSACTION;
USE `caequipe367341`;
INSERT INTO `caequipe367341`.`staff` (`id_staff`, `nome_staff`, `sexo_staff`, `data_nasc_staff`, `funcao_staff`, `regime_trabalho_staff`, `jornada_trabalho_staff`, `supervisor`, `departamento`, `codigo_funcionario`, `login_usuario`) VALUES (10, 'Romilda', 'F', '1998-11-02', 'Suporte', 'terceirizado', '8', 10, 5, 1234, 'teste1234');
INSERT INTO `caequipe367341`.`staff` (`id_staff`, `nome_staff`, `sexo_staff`, `data_nasc_staff`, `funcao_staff`, `regime_trabalho_staff`, `jornada_trabalho_staff`, `supervisor`, `departamento`, `codigo_funcionario`, `login_usuario`) VALUES (11, 'Isabel', 'F', '1988-02-01', 'Limpeza', 'terceirizado', '6', 10, 5, 5678, 'teste5678');
INSERT INTO `caequipe367341`.`staff` (`id_staff`, `nome_staff`, `sexo_staff`, `data_nasc_staff`, `funcao_staff`, `regime_trabalho_staff`, `jornada_trabalho_staff`, `supervisor`, `departamento`, `codigo_funcionario`, `login_usuario`) VALUES (12, 'Jucilandia', 'F', '1997-05-06', 'Almoxarifado', 'terceirizado', '6', 11, 5, 9123, 'teste9123');
INSERT INTO `caequipe367341`.`staff` (`id_staff`, `nome_staff`, `sexo_staff`, `data_nasc_staff`, `funcao_staff`, `regime_trabalho_staff`, `jornada_trabalho_staff`, `supervisor`, `departamento`, `codigo_funcionario`, `login_usuario`) VALUES (1, 'Pedro', 'M', '1990-06-12', 'Administrador', 'terceirizado', '9', 11, 5, 91234, 'Admin');

COMMIT;


-- -----------------------------------------------------
-- Data for table `caequipe367341`.`dependente_secretario`
-- -----------------------------------------------------
START TRANSACTION;
USE `caequipe367341`;
INSERT INTO `caequipe367341`.`dependente_secretario` (`cod_dependente`, `nome_dependente`, `sexo_dependente`, `data_nasc_dependente`, `grau_parentesco_dependente`, `id_secretario`, `salario_dependente`) VALUES (6, 'Jucilda Pereira', 'F', '2012-12-04', 'Filho', 5, 95);

COMMIT;


-- -----------------------------------------------------
-- Data for table `caequipe367341`.`vencimento_pesquisador`
-- -----------------------------------------------------
START TRANSACTION;
USE `caequipe367341`;
INSERT INTO `caequipe367341`.`vencimento_pesquisador` (`cod_vencimento`, `descricao_vencimento`, `valor_vencimento`, `salario_liquido`, `id_pesquisador`) VALUES (1, 'INSS', -230, 1000, 5);
INSERT INTO `caequipe367341`.`vencimento_pesquisador` (`cod_vencimento`, `descricao_vencimento`, `valor_vencimento`, `salario_liquido`, `id_pesquisador`) VALUES (2, 'PIS', -25, 987, 5);

COMMIT;


-- -----------------------------------------------------
-- Data for table `caequipe367341`.`endereco`
-- -----------------------------------------------------
START TRANSACTION;
USE `caequipe367341`;
INSERT INTO `caequipe367341`.`endereco` (`tipo_endereco`, `logradouro`, `numero`, `complemento`, `bairro`, `cidade`, `estado`, `cep`) VALUES ('Rua', 'Coronel raimundo chico', '225', 'Null', 'Centro', 'João Pessoa', 'paraiba', '55540-000');
INSERT INTO `caequipe367341`.`endereco` (`tipo_endereco`, `logradouro`, `numero`, `complemento`, `bairro`, `cidade`, `estado`, `cep`) VALUES ('Rua', 'x', '164', '', 'vassourinha', 'Gonçaves dias', 'Ceara', '33321-555');
INSERT INTO `caequipe367341`.`endereco` (`tipo_endereco`, `logradouro`, `numero`, `complemento`, `bairro`, `cidade`, `estado`, `cep`) VALUES ('Rua', 'z', '2', '', 'zxc', 'Estrela', 'Pernambuco', '52563-987');

COMMIT;


-- -----------------------------------------------------
-- Data for table `caequipe367341`.`telefone`
-- -----------------------------------------------------
START TRANSACTION;
USE `caequipe367341`;
INSERT INTO `caequipe367341`.`telefone` (`id_telefone`, `numero`, `tipo_telefone`) VALUES (DEFAULT, '(088)4555-8252', 'Residencial ');

COMMIT;


-- -----------------------------------------------------
-- Data for table `caequipe367341`.`dependente_pesquisador`
-- -----------------------------------------------------
START TRANSACTION;
USE `caequipe367341`;
INSERT INTO `caequipe367341`.`dependente_pesquisador` (`cod_dependente`, `nome_dependente`, `sexo_dependente`, `data_nasc_dependente`, `grau_parentesco_dependente`, `salario_dependente`, `id_pesquisador`) VALUES (1, 'Maria', 'F', '2001-02-06', 'Filho', 95, 1);
INSERT INTO `caequipe367341`.`dependente_pesquisador` (`cod_dependente`, `nome_dependente`, `sexo_dependente`, `data_nasc_dependente`, `grau_parentesco_dependente`, `salario_dependente`, `id_pesquisador`) VALUES (2, 'João', 'M', '2004-07-01', 'Filho', 95, 1);

COMMIT;


-- -----------------------------------------------------
-- Data for table `caequipe367341`.`dependente_staff`
-- -----------------------------------------------------
START TRANSACTION;
USE `caequipe367341`;
INSERT INTO `caequipe367341`.`dependente_staff` (`cod_dependente`, `nome_dependente`, `sexo_dependente`, `data_nasc_dependente`, `grau_parentesco_dependente`, `salario_dependente`, `id_staff`) VALUES (122, 'Jurué', 'M', '2001-10-06', 'Filho', 95, 11);

COMMIT;


-- -----------------------------------------------------
-- Data for table `caequipe367341`.`vencimento_secretario`
-- -----------------------------------------------------
START TRANSACTION;
USE `caequipe367341`;
INSERT INTO `caequipe367341`.`vencimento_secretario` (`cod_vencimento`, `descricao_vencimento`, `valor_vencimento`, `salario_liquido`, `id_secretario`) VALUES (8, 'teste', -239, 287, 6);

COMMIT;


-- -----------------------------------------------------
-- Data for table `caequipe367341`.`vencimento_staff`
-- -----------------------------------------------------
START TRANSACTION;
USE `caequipe367341`;
INSERT INTO `caequipe367341`.`vencimento_staff` (`cod_vencimento`, `descricao_vencimento`, `valor_vencimento`, `salario_liquido`, `id_staff`) VALUES (4, 'testee', 450, 42, 10);

COMMIT;


-- -----------------------------------------------------
-- Data for table `caequipe367341`.`pesquisador_has_projeto`
-- -----------------------------------------------------
START TRANSACTION;
USE `caequipe367341`;
INSERT INTO `caequipe367341`.`pesquisador_has_projeto` (`pesquisador_id_pesquisador`, `projeto_cod_projeto`, `hora_semanal_pesquisador`) VALUES (5, 1, '00:00');

COMMIT;


-- -----------------------------------------------------
-- Data for table `caequipe367341`.`pesquisador_has_endereco`
-- -----------------------------------------------------
START TRANSACTION;
USE `caequipe367341`;
INSERT INTO `caequipe367341`.`pesquisador_has_endereco` (`id_pesquisador`, `numero`, `bairro`, `logradouro`, `cidade`) VALUES (5, '2', 'zxc', 'z', 'Estrela');

COMMIT;


-- -----------------------------------------------------
-- Data for table `caequipe367341`.`staff_has_endereco`
-- -----------------------------------------------------
START TRANSACTION;
USE `caequipe367341`;
INSERT INTO `caequipe367341`.`staff_has_endereco` (`id_staff`, `numero`, `bairro`, `logradouro`, `cidade`) VALUES (12, '2', 'zxc', 'z', 'Estrela');

COMMIT;


-- -----------------------------------------------------
-- Data for table `caequipe367341`.`secretario_has_endereco`
-- -----------------------------------------------------
START TRANSACTION;
USE `caequipe367341`;
INSERT INTO `caequipe367341`.`secretario_has_endereco` (`id_secretario`, `numero`, `bairro`, `logradouro`, `cidade`) VALUES (6, '2', 'zxc', 'z', 'Estrela');

COMMIT;


SET SQL_MODE=@OLD_SQL_MODE;
SET FOREIGN_KEY_CHECKS=@OLD_FOREIGN_KEY_CHECKS;
SET UNIQUE_CHECKS=@OLD_UNIQUE_CHECKS;
